{"cameraMode":{"drawMode":0,"name":"Shaded","section":"Shading Mode"},"sceneLighting":true,"audioPlay":false,"sceneViewState":{"m_AlwaysRefresh":false,"showFog":true,"showSkybox":true,"showFlares":true,"showImageEffects":true,"showParticleSystems":true,"showVisualEffectGraphs":true,"m_FxEnabled":true},"in2DMode":false,"pivot":{"x":0.050951600074768069,"y":1.240275263786316,"z":0.018456339836120607},"rotation":{"x":-0.01956230401992798,"y":0.9533259868621826,"z":-0.06330753862857819,"w":-0.29458388686180117},"size":0.7631987929344177,"orthographic":false}